SourceId,TargetId,Strength,Type,Curve
edu_budget,education_level,0.8,Positive,Linear
education_level,crime_rate,0.5,Negative,Sigmoid
education_level,gdp,0.4,Positive,Logarithmic
healthcare_budget,healthcare_quality,0.8,Positive,Linear
healthcare_quality,life_expectancy,0.6,Positive,Linear
healthcare_quality,happiness,0.4,Positive,Linear
military_budget,energy_security,0.3,Positive,Linear
military_budget,gdp,0.2,Negative,Linear
infrastructure_budget,infrastructure,0.9,Positive,Linear
infrastructure,gdp,0.6,Positive,Logarithmic
tax_income,gdp,0.3,Negative,Linear
tax_income,poverty_rate,0.5,Negative,Linear
tax_income,inequality,0.6,Negative,Linear
tax_corporate,gdp,0.4,Negative,Linear
tax_corporate,unemployment,0.3,Positive,Linear
tax_carbon,environment_quality,0.7,Positive,Linear
tax_carbon,gdp,0.2,Negative,Linear
minimum_wage,poverty_rate,0.6,Negative,Linear
minimum_wage,unemployment,0.5,Positive,Linear
labor_rights,inequality,0.5,Negative,Linear
labor_rights,gdp,0.2,Positive,Linear
police_funding,crime_rate,0.7,Negative,Sigmoid
police_funding,happiness,0.2,Negative,Linear
environment_regulation,environment_quality,0.8,Positive,Linear
environment_regulation,gdp,0.3,Negative,Linear
renewable_energy,environment_quality,0.6,Positive,Linear
renewable_energy,energy_security,0.5,Positive,Linear
healthcare_reform,healthcare_quality,0.5,Positive,Linear
education_reform,education_level,0.6,Positive,Linear
education_reform,inequality,0.4,Negative,Linear
crime_rate,gdp,0.4,Negative,Linear
crime_rate,happiness,0.5,Negative,Linear
unemployment,gdp,0.5,Negative,Linear
unemployment,poverty_rate,0.7,Positive,Linear
unemployment,happiness,0.6,Negative,Linear
poverty_rate,crime_rate,0.5,Positive,Linear
poverty_rate,happiness,0.7,Negative,Linear
inequality,crime_rate,0.4,Positive,Linear
inequality,happiness,0.6,Negative,Linear
happiness,gdp,0.3,Positive,Logarithmic
rnd_budget,tech_level,1.0,Positive,Sigmoid
tech_investment,tech_level,0.7,Positive,Linear
education_level,tech_level,0.5,Positive,Logarithmic
tech_level,gdp,0.4,Positive,Logarithmic
tech_level,education_level,0.2,Positive,Linear
tech_level,happiness,0.15,Positive,Linear
tech_level,military_strength,0.3,Positive,Linear