Id,Title,Description,TriggerChance,Scope,Choice1Text,Choice1Effect,Choice1Result,Choice2Text,Choice2Effect,Choice2Result,Choice3Text,Choice3Effect,Choice3Result
constitutional_crisis,ANAYASA KRİZİ,Anayasa Mahkemesi hükümetin kararnamesini iptal etti!,0.08,Government,Yeni yasa çıkar,legitimacy-5;capital-20;deep_state-5,Yargı ile gerilim büyüdü,Yargıyı dinle,legitimacy+8;intellectuals+10,Yargıya saygı gösterildi,,,,
energy_blackout,ELEKTRİK KESİNTİSİ,Ülke genelinde 6 saatlik elektrik kesintisi yaşandı!,0.10,Both,Altyapıya yatırım,infrastructure_budget+15;debt+200,Altyapı güçlendi,Özel sektöre devret,capital+30;workers-8,Enerji şirketleri kâr etti,,,,
brain_drain_warning,BEYİN GÖÇÜ UYARISI,Genç mühendisler yurt dışına gitmeye başladı!,0.12,Government,Ücretleri artır,capital-30;intellectuals+15;Beyinler kaldı,Vize kısıtlaması,intellectuals-10;legitimacy-5;Baskı tepki çekti,,,,
media_war,MEDYA SAVAŞI,Ana muhalefet gazetesi hükümeti hedef aldı!,0.10,Both,Reklam çek,capital-25;media_trust+10,Gazete zayıfladı,Dava aç,legitimacy-12;intellectuals-8,Basın özgürlüğü zedelendi,,,,
university_protest,ÜNİVERSİTE PROTESTO,Öğrenciler harç zamlarını protesto ediyor!,0.13,Both,Harçları düşür,education_budget-15;students+15;legitimacy+5,Öğrenciler memnun,Polisi gönder,legitimacy-12;students-20;unrest+15,Kampüs karıştı,Diyalog kur,students+5;intellectuals+5,Diyalog kuruldu,,,,
farmers_strike,ÇİFTÇİ GREVİ,Çiftçiler mazot fiyatlarına isyan etti!,0.11,Government,Mazot desteği,capital-40;rural+15;legitimacy+5,Çiftçiler memnun,İthalat artır,gdp+3;rural-10;workers-5,Çiftçiler öfkelendi,,,,
emigration_crisis,GÖÇ KRİZİ,Nitelişmiş iş gücü kitlesel göç ediyor!,0.09,Government,Göçü engelle,legitimacy-8;intellectuals-10;migration-5,Göç yavaşladı ama tepki var,Teşvik paketi,capital-50;intellectuals+12;Beyinler kaldı,,,,
factory_closure,FABRİKA KAPANIŞI,Büyük bir fabrika üretimi durdurdu!,0.10,Both,Millileştir,capital-80;workers+15;capitalists-20,Devlet devraldı,Özel yatırımcı bul,capital+40;workers-5,Yeni sahip geldi,,,,
tech_breakthrough_ai,YAPAY ZEKA ATILIMI,Yerli bir AI şirketi dünya çapında başarı kazandı!,0.07,Both,Vergi avantajı ver,capital+20;tech_level+8;intellectuals+5,Teknoloji yükseldi,Devletleştir,capital-30;tech_level+5;intellectuals-5,Millileştirme tartışmalı,,,,
tax_amnesty,VERGİ AFFI,Tartışmalı bir vergi affı yasa tasarısı gündemde!,0.09,Government,Affı geçir,capital+50;legitimacy-8;inequality+5,Hazine doldu ama adaletsizlik,Reddet,legitimacy+5;capital-10,Vergi adaleti korundu,,,,
religious_holiday,DİNİ BAYRAM,Kutsal bir bayram öncesi kamuoyu beklentileri yüksek!,0.08,Both,Bayram ikramiyesi,capital-30;conservatives+10;happiness+5,Halk memnun,Bütçe kısıtlaması,conservatives-8;legitimacy-3,Devlet cimri bulundu,,,,
drug_epidemic,UYUŞTURUCU SALGINI,Yeni bir sentetik uyuşturucu gençler arasında yayılıyor!,0.10,Government,Sıkı denetim,police_funding+15;legitimacy+5;intellectuals+3,Denetim güçlendi,Eğitim kampanyası,education_budget+10;youth+5,Eğitim vurgusu,,,,
corruption_investigation,YOLSUZLUK SORUŞTURMASI,Muhalefet bir bakan hakkında yolsuzluk iddiası iletti!,0.11,Both,Soruşturma aç,legitimacy+8;capital-15;corruption-5,Adalet işledi,Soruşturmayı engelle,legitimacy-12;corruption+8;intellectuals-10,Öfke birikti,,,,
climate_disaster,İKLİM FELAKETİ,Büyük bir sel tarım bölgesini vurdu!,0.08,Government,Acil yardım,capital-60;rural+20;legitimacy+10,Halk devletin yanında,Görmezden gel,legitimacy-20;rural-25;unrest+20,Kırsal öfkeli,,,,
cyber_attack_bank,BANKACILIK SİBER SALDIRI,Merkez Bankası'na siber saldırı düzenlendi!,0.09,Both,Siber ordu kur,intel+20;debt+200;tech_level+5,Siber savunma güçlendi,Özel firmaya devret,capital-40;intel+10,Hizmet satın alındı,,,,
union_negotiation,SENDİKA PAZARLIĞI,Büyük bir sendika toplu sözleşme masasına oturdu!,0.10,Government,Ücret artışı ver,capital-35;workers+15;capitalists-8,İşçiler memnun,Ücreti dondur,workers-15;capitalists+10;unrest+10,İşçi öfkesi,,,,
military_exercise,ASKERİ TATBİKAT,Ordu büyük bir tatbikat düzenlemek istiyor!,0.08,Government,Onayla,army+12;debt+150,Ordu güçlendi,İptal et,army-15;legitimacy-5,Ordu hayal kırıklığı,,,,
foreign_investment,YABANCI YATIRIM,Büyük bir yabancı şirket ülkeye yatırım yapmak istiyor!,0.10,Government,İzin ver,gdp+8;capital+40;workers-8,Ekonomi canlandı,Veto et,gdp-3;legitimacy+5;nationalist+5,Bağımsızlık korundu,,,,
nuclear_deal,NÜKLEER ANLAŞMA,Uluslararası bir nükleer anlaşma teklif edildi!,0.07,Both,İmzala,legitimacy+10;sanction-20;tech_level+5,Yaptırımlar azaldı,Reddet,legitimacy-8;sanction+15;nationalist+8,Muhalefet karşı,,,,
drought,KURAKLIK,Ülke genelinde şiddetli kuraklık başladı!,0.09,Both,Su kısıtlaması,unrest+8;rural-10;environment+5,Kısıtlamalar tepki çekti,Su ithalatı,capital-40;gdp-3,Acil ithalat,,,,
youth_unemployment,GENÇ İŞSİZLİĞİ,Genç işsizlik oranı kritik seviyeye ulaştı!,0.11,Government,İstihdam paketi,capital-50;youth+15;unemployment-8,Gençler memnun,Staj programı,education_budget+10;youth+5,Staj kısmi çözüm,,,,
refugee_integration,MÜLTECİ ENTEGRASYONU,Mültecilerin entegrasyonu tartışma konusu oldu!,0.09,Both,Entegrasyon programı,migration+10;conservatives-10;intellectuals+8,Entegrasyon hızlandı,Sınır dışı et,migration-15;conservatives+12;legitimacy-8,İnsan hakları eleştirisi,,,,
coalition_crisis,KOALİSYON KRİZİ,Koalisyon ortağı bütçe anlaşmazlığı çıkardı!,0.12,Government,Taviz ver,capital-30;coalition+15,Koalisyon korundu,Erken seçim,legitimacy-10;turn_until_election=3,Erken seçime gidiliyor,,,,
opposition_merger,MUHALEFET BİRLEŞMESİ,İki muhalefet partisi birleşme kararı aldı!,0.10,Opposition,Destek ver,capital-20;legitimacy+10;opposition+15,Muhalefet güçlendi,Karşı çık,legitimacy-5;opposition-8,Bölünme sürdü,,,,
student_movement,ÖĞRENCİ HAREKETİ,Öğrenciler büyük bir yürüyüş düzenliyor!,0.11,Opposition,Katıl,capital-15;students+12;legitimacy+5,Gençlik desteği kazanıldı,Uzak dur,students-8,Öğrenciler yalnız kaldı,,,,
expose_scandal,SKANDAL İFŞASI,Gazeteciler büyük bir skandalı ortaya çıkardı!,0.09,Opposition,Basına destek,capital-20;legitimacy+12;media_trust+10,İfşa etkili oldu,Sessiz kal,legitimacy-3,Etki azaldı,,,,
mass_petition,KİTLESEL DİLEKÇE,Bir milyon vatandaş imza kampanyası başlattı!,0.10,Both,Kabul et,legitimacy+8;capital-15;happiness+5,Halk memnun,Görmezden gel,legitimacy-10;unrest+8;happiness-5,Öfke birikti,,,,
tech_regulation,TECH DÜZENLEMESİ,Teknoloji devleri hakkında düzenleme tartışılıyor!,0.08,Government,Sıkı düzenle,tech_level-5;capitalists-10;legitimacy+5,Teknoloji yavaşladı,Serbest bırak,tech_level+8;capitalists+12;legitimacy-3,Teknoloji hızlandı,,,,
central_bank_crisis,MERKEZ BANKASI KRİZİ,Merkez Bankası başkanı istifa etti!,0.08,Government,Bağımsız atama,legitimacy+8;credit+10;intellectuals+5,Güven arttı,Siyasi atama,legitimacy-8;credit-10;corruption+5,Piyasalar tedirgin,,,,